{
  "schema_version": "research-ssot-metrics-v1",
  "evidence_id": "E18_physics_constrained_pdn_inverse",
  "claim": "C10_pdn_kcl_distribution_need",
  "timestamp": "2026-05-04T11:26:29.633202+00:00",
  "case_count": 18,
  "family_count": 6,
  "method_count": 11,
  "status": "passed",
  "all_acceptance_gates_passed": true,
  "acceptance_gates": {
    "via_forward_columns_nonzero": true,
    "kcl_matrix_via_coupling_nonzero": true,
    "oracle_b_residual_near_zero": true,
    "zero_b_residual_near_one": true,
    "ridge_scaled_beats_zero_on_b_residual": true,
    "method_predictions_not_identical": true,
    "b_residual_distinguishes_methods": true,
    "current_rmse_distinguishes_methods_or_explained": true,
    "via_metrics_nontrivial_or_failure_recorded": true,
    "new_method_reduces_kcl_vs_ridge_scaled": true,
    "new_method_improves_or_matches_misalloc_vs_gka_scaled": true,
    "new_method_does_not_destroy_b_residual_vs_gka_scaled": true,
    "failure_cases_reported": true
  },
  "operator_diagnostics": {
    "column_norm_by_group": {
      "J1x": {
        "mean_norm": 1.0422444923374133e-07,
        "min_norm": 9.046494785242758e-08,
        "max_norm": 1.0932292544869569e-07
      },
      "J1y": {
        "mean_norm": 1.0422444923374133e-07,
        "min_norm": 9.046494785242758e-08,
        "max_norm": 1.0932292544869568e-07
      },
      "J2x": {
        "mean_norm": 5.556479833196157e-08,
        "min_norm": 4.4416035909261526e-08,
        "max_norm": 6.060084913199936e-08
      },
      "J2y": {
        "mean_norm": 5.556479833196156e-08,
        "min_norm": 4.4416035909261526e-08,
        "max_norm": 6.060084913199936e-08
      },
      "J3x": {
        "mean_norm": 3.2300662289817244e-08,
        "min_norm": 2.508802161566204e-08,
        "max_norm": 3.63172625132278e-08
      },
      "J3y": {
        "mean_norm": 3.2300662289817244e-08,
        "min_norm": 2.5088021615662036e-08,
        "max_norm": 3.63172625132278e-08
      },
      "J4x": {
        "mean_norm": 1.991779028295202e-08,
        "min_norm": 1.567022039737499e-08,
        "max_norm": 2.2648129624826248e-08
      },
      "J4y": {
        "mean_norm": 1.9917790282952017e-08,
        "min_norm": 1.5670220397374993e-08,
        "max_norm": 2.264812962482626e-08
      },
      "s12": {
        "mean_norm": 1.1338115463137478e-06,
        "min_norm": 8.478242386696285e-07,
        "max_norm": 1.2808550663724774e-06
      },
      "s23": {
        "mean_norm": 7.977033578892387e-07,
        "min_norm": 6.127579537949622e-07,
        "max_norm": 9.249421560911385e-07
      },
      "s34": {
        "mean_norm": 5.522755474281042e-07,
        "min_norm": 4.5664446947106806e-07,
        "max_norm": 6.301211186022406e-07
      }
    },
    "via_column_norm_min": 4.5664446947106806e-07,
    "via_column_norm_mean": 8.279301505436969e-07,
    "sheet_column_norm_mean": 5.300192503461804e-08,
    "via_columns_nonzero": true,
    "total_columns": 1584,
    "total_rows": 588
  },
  "kcl_diagnostics": {
    "via_coupling_nonzero": true,
    "via_coupling_column_norms": {
      "s12": 16.97056274847714,
      "s23": 16.97056274847714,
      "s34": 16.97056274847714
    },
    "layer_rows_count": 576,
    "total_shape": [
      576,
      1584
    ]
  },
  "method_summaries": {
    "zero_predictor": {
      "current_rmse": 0.011282463191291956,
      "current_relative_l2": 1.0,
      "layer_misallocation": 0.25,
      "physical_b_residual": 1.0198087131547976e-08,
      "kcl_residual": 0.0,
      "topology_residual": 0.0,
      "current_closure_error": 0.0,
      "b_residual_rel": 1.0,
      "no_via_fp": 0.0,
      "x_norm": 0.0,
      "Ax_norm": 0.0,
      "b_norm": 2.4729047072597627e-07,
      "residual_norm": 2.4729047072597627e-07,
      "via_precision": 0.0,
      "via_recall": 0.0,
      "via_f1": 0.0,
      "via_energy_truth": 0.1953760947223658,
      "via_energy_pred": 0.0,
      "via_collapse_count": 18,
      "runtime_s": 2.2111115766973753e-06,
      "closure_error": 0.0
    },
    "oracle_ground_truth": {
      "current_rmse": 0.0,
      "current_relative_l2": 0.0,
      "layer_misallocation": 0.0,
      "physical_b_residual": 0.0,
      "kcl_residual": 0.0001287919760936307,
      "topology_residual": 0.0001287919760936307,
      "current_closure_error": 0.2282909448478332,
      "b_residual_rel": 0.0,
      "no_via_fp": 0.0,
      "x_norm": 0.4490363653981344,
      "Ax_norm": 2.4729047072597627e-07,
      "b_norm": 2.4729047072597627e-07,
      "residual_norm": 0.0,
      "via_precision": 1.0,
      "via_recall": 1.0,
      "via_f1": 1.0,
      "via_energy_truth": 0.1953760947223658,
      "via_energy_pred": 0.1953760947223658,
      "via_collapse_count": 0,
      "runtime_s": 2.8500000755431956e-06,
      "closure_error": 0.2282909448478332
    },
    "naive_single_layer": {
      "current_rmse": 0.04502030818315202,
      "current_relative_l2": 4.14579016748833,
      "layer_misallocation": 0.3262177153037608,
      "physical_b_residual": 8.937148867889875e-10,
      "kcl_residual": 1.1865962836818669,
      "topology_residual": 1.1865962836818669,
      "current_closure_error": 1.5054147549134491,
      "b_residual_rel": 0.09796197194944894,
      "no_via_fp": 0.0,
      "x_norm": 1.8044628851971807,
      "Ax_norm": 2.4607626312733387e-07,
      "b_norm": 2.4729047072597627e-07,
      "residual_norm": 2.1671434279588703e-08,
      "via_precision": 0.0,
      "via_recall": 0.0,
      "via_f1": 0.0,
      "via_energy_truth": 0.1953760947223658,
      "via_energy_pred": 0.0,
      "via_collapse_count": 18,
      "runtime_s": 0.04493032777787044,
      "closure_error": 1.5054147549134491
    },
    "incorrect_two_layer": {
      "current_rmse": 0.16677048897812713,
      "current_relative_l2": 8.90701462215109,
      "layer_misallocation": 0.3290037851928945,
      "physical_b_residual": 1.2963843822067676e-10,
      "kcl_residual": 2.561635724632701,
      "topology_residual": 2.561635724632701,
      "current_closure_error": 0.7822976285854994,
      "b_residual_rel": 0.017538301185307286,
      "no_via_fp": 0.0,
      "x_norm": 6.620678447515325,
      "Ax_norm": 2.47084609648353e-07,
      "b_norm": 2.4729047072597627e-07,
      "residual_norm": 3.143565062569276e-09,
      "via_precision": 0.0,
      "via_recall": 0.0,
      "via_f1": 0.0,
      "via_energy_truth": 0.1953760947223658,
      "via_energy_pred": 0.0,
      "via_collapse_count": 18,
      "runtime_s": 0.08191138888913782,
      "closure_error": 0.7822976285854994
    },
    "ridge_unscaled": {
      "current_rmse": 0.011282463190894298,
      "current_relative_l2": 0.9999999999573187,
      "layer_misallocation": 0.20406846808363266,
      "physical_b_residual": 1.0198087105883667e-08,
      "kcl_residual": 5.38756083191435e-11,
      "topology_residual": 5.38756083191435e-11,
      "current_closure_error": 5.825855977077692e-10,
      "b_residual_rel": 0.9999999974740624,
      "no_via_fp": 0.0,
      "x_norm": 1.2268488468547476e-10,
      "Ax_norm": 8.580933846751286e-16,
      "b_norm": 2.4729047072597627e-07,
      "residual_norm": 2.4729047010364983e-07,
      "via_precision": 0.0,
      "via_recall": 0.0,
      "via_f1": 0.0,
      "via_energy_truth": 0.1953760947223658,
      "via_energy_pred": 2.460663546105764e-20,
      "via_collapse_count": 18,
      "runtime_s": 0.2626135111113399,
      "closure_error": 5.825855977077692e-10
    },
    "ridge_scaled": {
      "current_rmse": 0.026734169994835334,
      "current_relative_l2": 2.2381378383308674,
      "layer_misallocation": 0.16365894552102744,
      "physical_b_residual": 2.5695183376045083e-11,
      "kcl_residual": 0.6952786130611568,
      "topology_residual": 0.6952786130611568,
      "current_closure_error": 0.20200667695516084,
      "b_residual_rel": 0.002718731125244076,
      "no_via_fp": 0.0,
      "x_norm": 1.0280352155899464,
      "Ax_norm": 2.472299783543579e-07,
      "b_norm": 2.4729047072597627e-07,